id	Cancer1	Cancer2	Normal1	Normal2
ENSG00000000003	386.938677103	6707.46268679	1867.14136269	763.423038102
ENSG00000000005	0.243772494284	0.237518641376	0.267979116863	0.275025155667
ENSG00000000419	12423.0511822	9468.98251511	12596.9806232	9965.21384961
ENSG00000000457	17456.1168168	14292.0669357	10690.1793308	7821.68414424
ENSG00000000460	2053.28437542	1996.06844516	2727.48539143	1850.59435145
ENSG00000000938	165.134590003	110.958144429	67.1454223133	62.2832608801
ENSG00000000971	745.936167193	202.562137245	315.715215632	2038.19231462
ENSG00000001036	152816.863297	47992.8741384	11392.2398696	79456.2844596
ENSG00000001084	25960.2378406	23656.2021325	17682.832747	16730.0978517
ENSG00000001167	41982.07969	42101.4310078	25244.8958899	16132.101471
ENSG00000001460	4154.81736105	3321.60446614	5257.061651	4524.7293569
ENSG00000001461	64205.2174169	44099.7074168	32862.3236112	24185.7356852
ENSG00000001497	33910.8030898	19291.5078125	22706.902832	28726.4920412
ENSG00000001561	30806.5422678	36171.3540993	3887.31427284	15250.3067924
ENSG00000001617	19.4543719046	56.2597116458	37.9897345749	39.8649991265
ENSG00000001626	286.756307243	410.910485987	470.357182621	414.051646538
ENSG00000001629	166750.575818	117072.334474	134426.552891	87477.8812501
ENSG00000001630	181214.299689	168644.208892	146727.736658	86408.0085948
ENSG00000001631	75052.0218366	86187.0412235	78810.7627737	35595.0367539
ENSG00000002016	4456.30922828	3921.25544603	4050.71471254	3609.27181286
ENSG00000002079	52.2149130815	65.8916318993	61.5711379554	11.7091497727
ENSG00000002330	5118.66338527	7993.08521212	11569.7743778	7891.44792028
ENSG00000002549	230152.207042	36155.492388	42636.0144227	151968.067609
ENSG00000002586	638.466747733	347.83908925	209.081835785	651.377171569
ENSG00000002587	371.141749376	370.895266548	1080.38110361	544.787916458
ENSG00000002726	619.530292818	198.696610422	204.433378385	761.377123309
ENSG00000002745	1824.62510678	140.063046918	2537.27274679	383.182583437
ENSG00000002746	37.7253322939	156.050344594	432.846320453	74.4948348627
ENSG00000002822	9707.74221275	11148.4940999	4724.34554723	7458.28197101
ENSG00000002834	143699.778967	72695.0424031	132862.555029	174206.933926
ENSG00000002919	9128.85695818	9508.4118229	5763.9906501	4248.15390783
ENSG00000002933	69.9590213607	142.270031126	135.593082884	349.675609481
ENSG00000003056	89903.3191463	56929.5088696	49126.8718955	48097.8239587
ENSG00000003096	13.96640905	4.12747623617	11.3845375454	7.31770749237
ENSG00000003137	18.2719099471	39.1408653957	5.34525372297	25.9779144834
ENSG00000003147	2237.05925823	3503.61127184	1085.01760352	1388.8666509
ENSG00000003249	84.5539597801	219.630860553	142.333402593	269.698354447
ENSG00000003393	11160.7086443	18945.8256571	11474.8420301	8807.778122
ENSG00000003400	289332.122481	352789.12849	218650.35965	129067.750521
ENSG00000003402	1179889.9684	2820899.86953	1526390.90989	595922.902723
ENSG00000003436	63578.4263126	60004.5336774	61032.9710776	61647.2761134
ENSG00000003509	4646.56080993	7323.62901702	4172.59173006	4493.17684238
ENSG00000003756	256713.065142	173487.096179	184814.141888	123445.359673
ENSG00000003987	1654.53832044	5536.96925198	1835.23287992	1713.37777212
ENSG00000003989	44.6996356206	923.432289951	153.199571105	454.021342204
ENSG00000004059	16930.6621607	18010.7158483	24517.6950599	24889.7281029
ENSG00000004139	8707.24927553	10805.557278	46398.9550679	6829.95479217
ENSG00000004142	63612.7902579	36480.6745531	30356.008995	35440.4554911
ENSG00000004399	307.915953991	478.741263701	1542.19031112	1389.70213181
ENSG00000004455	46299.6369599	26336.6500879	25634.486739	20535.4696907
ENSG00000004468	815170.251826	775608.137222	478150.258715	728311.267428
ENSG00000004478	109287.346672	28400.6466764	25313.0361554	36256.0470651
ENSG00000004487	42762.7595509	37950.7290623	28313.1744487	38172.9753564
ENSG00000004534	266795.343499	163026.545377	109088.249001	119414.10394
ENSG00000004660	2713.69303394	12757.9866112	11829.7372509	7983.94282474
ENSG00000004700	32876.2520154	14424.3378004	20283.811461	15218.3843096
ENSG00000004766	25404.3939011	21407.6120314	20220.4611578	6644.62799426
ENSG00000004776	10.3674980031	28.9493364426	31.3455641585	43.6682600287
ENSG00000004777	3786.02332834	9617.81051934	8204.54751747	3502.7835973
ENSG00000004779	17907.2213537	8559.16182693	5352.53177825	8917.43047855
ENSG00000004799	523.983533199	202.653714028	902.10532527	1186.63638034
ENSG00000004809	117.503449099	149.510535954	80.4364360832	120.374622055
ENSG00000004838	1347.52692552	716.940283681	1117.31089497	778.477482617
ENSG00000004846	254.037619504	260.906329575	211.547318227	342.688042838
ENSG00000004848	52.3133897907	15.5949640244	9.95383538154	20.3025666494
ENSG00000004864	7179.53792848	8296.97712668	11926.2018834	6638.53181808
ENSG00000004866	42123.7488869	28151.8298247	41701.1154128	23586.0244568
ENSG00000004897	134322.951495	79391.9206142	57037.4246023	65537.7655111
ENSG00000004939	7369.4452916	8038.54156503	849.168321775	1173.78255633
ENSG00000004948	0.685177613163	0.639285406939	0.685243833511	0.721873098935
ENSG00000004961	6842.79484357	2959.14343016	2720.73176083	4176.6387701
ENSG00000004975	13584.9030679	16234.5583867	18444.6943526	12483.3143967
ENSG00000005001	0.415054993232	0.406789114076	0.398859156451	0.402053556395
ENSG00000005007	194125.912358	224992.62439	105063.168565	144676.960784
ENSG00000005020	32140.6576366	13522.1309514	12460.8135366	11729.3871618
ENSG00000005022	214394.593469	112943.169159	57151.6819218	148200.590178
ENSG00000005059	7107.68345016	7125.59338235	13091.8559179	8135.9757234
ENSG00000005073	0.773891190144	0.527114221276	0.77246942618	0.521075843183
ENSG00000005075	17713.3480681	13290.2949946	12270.3670971	8453.40690026
ENSG00000005100	16787.8535419	15282.1704295	12053.3488942	12157.5896516
ENSG00000005102	0.793300054597	1.03809685458	1.28814728893	0.767232089342
ENSG00000005108	236.6434149	140.28143572	42.0030714717	67.0373678789
ENSG00000005156	143404.821786	120081.199778	125665.044503	101428.174272
ENSG00000005175	14993.5311011	10369.2189465	9723.9441811	8976.30510469
ENSG00000005187	9936.58699199	5517.13276044	6035.84865639	4236.32500108
ENSG00000005189	685.199406796	374.183396852	1244.64996377	352.406382895
ENSG00000005194	7770.87194248	6825.85032454	3374.46477794	5231.24128147
ENSG00000005206	159194.037334	184239.443853	51195.647099	119180.554617
ENSG00000005238	12271.987052	8147.0461789	17220.6370042	15884.2475557
ENSG00000005243	334.190103171	2129.69414418	366.382738671	119.88402884
ENSG00000005249	410.450067719	1145.30469751	508.949821743	252.391896344
ENSG00000005302	45465.6095389	12272.3993799	28261.5006994	23436.9128124
ENSG00000005339	338324.083035	257028.952096	278793.293141	303944.323427
ENSG00000005379	23080.9830103	14756.4804001	23824.2409022	27716.9898488
ENSG00000005381	375.577020471	236.804855373	106.866643522	61.1851321259
ENSG00000005421	5.9197243378	24.7413145598	9.24640070904	24.237597073
ENSG00000005436	15358.9651888	9576.64862227	7899.41650077	5774.44485723
ENSG00000005448	4206.16296522	2843.37065457	4447.46133901	7731.7326283
ENSG00000005469	8541.77712161	5696.06835993	6580.39628264	3944.11408766
ENSG00000005471	53.4483822329	117.475936407	2495.62011457	52.8921075286
ENSG00000005483	499778.40937	525179.834069	736045.720325	379550.78878
ENSG00000005486	48745.0054593	42960.6766742	29619.9336547	26633.4680995
ENSG00000005513	26.5796498523	305.064862013	1.63569251732	1.22134750074
ENSG00000005700	137689.428969	99223.8005437	48844.6254696	81654.9818331
ENSG00000005801	18241.5961183	14808.0009403	13820.3921351	10748.1594997
ENSG00000005810	488539.016433	314212.157223	764947.422309	374994.93835
ENSG00000005812	36492.8872259	29469.1331734	49508.04986	25510.6279046
ENSG00000005844	73673.9637622	8426.31633824	101791.052372	47005.2368743
ENSG00000005882	14792.3930321	12279.9874425	10616.0637544	13182.9918228
ENSG00000005884	23226.6242953	42141.1944549	25750.636559	32960.6535509
ENSG00000005889	85130.4226667	48951.6660766	44155.6907489	45346.0608543
ENSG00000005893	173324.374987	120899.798543	100961.031076	125919.642521
ENSG00000005961	1611.01465996	1545.39183305	1297.56588147	881.154043328
ENSG00000005981	2992.86799023	3438.53952286	3672.39883575	3605.1531697
ENSG00000006007	65634.3894413	35523.7644323	36006.0732319	49421.206199
ENSG00000006015	39780.0452793	56905.1376374	41664.1896923	60246.5650446
ENSG00000006016	1016.25641351	1031.14417886	995.230432828	622.562692338
ENSG00000006025	11346.1763099	8869.29818456	17458.6818311	10552.7382415
ENSG00000006042	1423.96879097	291.447017675	292.286544434	460.414469529
ENSG00000006047	24.7548751009	60.9747061666	23.7063309464	22.0837943253
ENSG00000006059	1.0	1.0	1.0	1.0
ENSG00000006062	19180.553145	609943.21465	23217.1205202	15235.8269693
ENSG00000006071	2.70542684279	6.03431799117	4.68623507542	11.0989842038
ENSG00000006116	23.5056213032	101.091738303	20.4910775467	75.1558747916
ENSG00000006118	26110.7861419	1615.22254426	925.028918094	6644.28660888
ENSG00000006125	114177.256753	123997.81237	95584.5655787	100835.499855
ENSG00000006128	0.302571053962	0.295562770478	0.292231869114	0.368279724637
ENSG00000006194	33192.2630822	20011.4536329	12053.5856878	20433.1428581
ENSG00000006210	234.581460817	447.506121684	366.045889181	413.848062717
ENSG00000006282	59320.3013796	32146.0611039	25080.0094987	70575.0822667
ENSG00000006283	258.176310293	307.333768061	377.411401652	434.373037584
ENSG00000006327	410.231068303	253.733418501	618.29608414	1753.93181839
ENSG00000006377	16.8583507679	14.8658520838	19.2902938496	14.6391054726
ENSG00000006432	16020.2353364	13955.0626355	19089.1668414	19223.2727162
ENSG00000006451	13366.6159256	10629.8816884	7799.80602874	5318.05022429
ENSG00000006453	443.220988953	1201.93323801	1933.79956358	631.002992244
ENSG00000006459	81072.9781215	95124.920475	138368.386612	46465.6974551
ENSG00000006468	105.087662335	8430.1492223	57.4214506441	6902.59139852
ENSG00000006530	30475.4284491	24303.2386576	16088.8083718	22221.4216131
ENSG00000006534	10468.016638	3233.65704584	3904.81681272	3457.99787107
ENSG00000006555	1889.87790782	3542.15809241	7465.10791794	2090.05459757
ENSG00000006576	50760.4100834	24502.4857006	16840.9863238	14731.8567113
ENSG00000006606	0.09429390004	0.0940800739004	0.0937749224543	0.0939062784942
ENSG00000006607	50607.3565215	80674.736893	72489.8697963	43090.4101003
ENSG00000006611	0.402065782437	0.384807016704	0.737050635989	0.595952403761
ENSG00000006625	1997.43858941	1723.2235097	960.803080353	838.368142379
ENSG00000006634	38113.3945417	23957.8529958	48468.3147913	18438.2532171
ENSG00000006638	1842.2494221	970.049049015	3432.94507001	1114.22295042
ENSG00000006652	678689.082587	241103.638652	632298.576307	939276.076915
ENSG00000006659	334.857905058	110.724283551	82.9296979376	156.247715741
ENSG00000006695	8150.02932272	7083.96286814	4955.47711379	2020.16760157
ENSG00000006704	1305.19581959	2036.27909534	975.751346599	1363.53207422
ENSG00000006712	44145.4191477	40088.6246037	35531.097086	35584.5445308
ENSG00000006715	46231.0790946	56056.8202705	63803.2173487	65398.3516087
ENSG00000006740	12999.5412389	759.468783569	7412.38012556	10831.8118015
ENSG00000006744	59621.4704445	45774.1851157	38666.9996716	25179.8764181
ENSG00000006747	4655.31922022	5050.05694962	9484.96146291	4241.83010394
ENSG00000006756	1532.97785877	1524.55984778	6032.35081269	2334.48318268
ENSG00000006757	2993.12472694	3707.34439968	2134.57610192	2684.90160926
ENSG00000006788	4.61558352275	3.88167279205	98.9914677885	2.15048538226
ENSG00000006831	44013.5792087	26764.3314194	19573.2360906	19766.822436
ENSG00000006837	2060.07169047	1871.77272947	1516.55051979	1085.67619989
ENSG00000007001	35.4180219686	41.052672847	26.788631373	34.5118298539
ENSG00000007038	11.1367064656	26.8419436416	11.5068825258	66.7285110358
ENSG00000007047	13392.6183907	20755.9587929	18940.6196004	21651.7553466
ENSG00000007062	7.16225621458	29.6399329393	32.0281679812	51.2342531953
ENSG00000007080	9459.21785124	8368.52019604	8097.53090893	11712.8394102
ENSG00000007129	4359.9157526	4734.64056559	3449.14016448	7987.2215549
ENSG00000007168	170300.733102	182855.034912	124912.571155	109547.140186
ENSG00000007171	4.7967361658	13.5308811427	7.56306220047	6.67275791915
ENSG00000007174	80.5862353539	126.156525645	182.057886144	114.352905348
ENSG00000007202	348131.395902	315096.642635	238819.925817	356686.605089
ENSG00000007216	0.23601575927	0.438179463793	0.22291828725	0.224534325263
ENSG00000007237	809.511342477	968.938760948	982.992395778	1021.74113567
ENSG00000007255	7647.92593109	5514.80932632	8053.46484657	11201.0928145
ENSG00000007264	140.476371259	274.234319521	387.101395006	253.872109932
ENSG00000007306	0.229093530053	0.222234028341	0.214188810674	0.216799255038
ENSG00000007312	56468.1716466	20338.8172331	41649.8398594	25704.2552051
ENSG00000007314	1017.3364982	143.050182212	151.685604591	175.748995688
ENSG00000007341	12158.5145725	8020.33270314	16105.2270611	6214.35525449
ENSG00000007350	7.30301659014	22.9375039768	9.37886511998	10.548840562
ENSG00000007372	1819.18710649	2226.85998038	1724.16970571	910.196896034
ENSG00000007376	13346.2419365	5378.4773111	6643.65578059	13397.729178
ENSG00000007384	915.388390298	503.117005521	403.983449835	276.250357117
ENSG00000007392	52355.7037626	55482.0919056	88154.1095888	84866.7213035
ENSG00000007402	1328.04055698	4511.67973213	1275.48825035	405.263178006
ENSG00000007516	2974.92521577	6280.63174975	5118.08032774	3529.87391864
ENSG00000007520	7414.14395664	9165.53836416	10470.0085772	14172.458912
ENSG00000007541	34211.2137251	33518.1671112	20567.1148811	48728.2310365
ENSG00000007545	7632.65059335	29185.4048772	26968.5672164	28621.1369667
ENSG00000007866	2203.69384653	1494.75322277	671.277086434	1099.27080251
ENSG00000007908	1.75387754182	1.59562726324	1.41926883536	1.10909839939
ENSG00000007923	28600.5401972	22066.9784479	18281.0224895	20132.9827887
ENSG00000007933	807.146505973	2847.19006926	989.505377573	2494.14336526
ENSG00000007944	14911.7332784	4122.01339097	5058.00440419	15010.4600906
ENSG00000007952	22.4702126121	30.1132795585	23.195565884	11.776861015
ENSG00000007968	22126.8476423	14683.4204204	11247.0403977	13465.1545243
ENSG00000008018	111961.069711	55493.5246197	38433.4982319	58189.8654129
ENSG00000008056	72.8831974685	52.9471281038	31.3320023644	15.502710707
ENSG00000008083	95853.9026557	84790.7647895	57505.3895343	81064.8960504
ENSG00000008086	32534.0731973	37193.6107641	36592.561529	30967.6816235
ENSG00000008118	0.9896926347	1.28916322527	0.949959356213	0.95827733609
ENSG00000008128	18450.1120321	16692.2827892	22763.9052593	28672.1383179
ENSG00000008130	85865.6574138	69854.8440538	46615.3792127	49442.6560454
ENSG00000008196	0.171363411578	0.167898664714	0.163061958807	0.165128579971
ENSG00000008197	0.119706764175	0.111490214004	0.110015122851	0.110648272644
ENSG00000008226	7817.68346298	3698.29768255	12645.6249235	14664.8660051
ENSG00000008256	574.240862164	3982.15070973	255.879008259	1147.80615409
ENSG00000008277	6413.62872696	20096.6947961	2462.19771429	7976.8273864
ENSG00000008282	3024.92970266	33617.8763615	68689.2133803	11224.6880937
ENSG00000008283	35449.8528083	29396.7640448	25216.6326913	44184.5584477
ENSG00000008294	112864.377036	127126.795825	133212.53297	117874.07778
ENSG00000008300	118938.049231	22969.4490143	4631.02720145	23931.3931049
ENSG00000008311	18312.2328329	7593.30214728	10880.3667423	2904.74772276
ENSG00000008323	47.0304043656	85.4472169663	44.3278682513	119.760249314
ENSG00000008324	8995.98950435	2863.39802545	4888.65974675	3231.78863034
ENSG00000008382	7275.982792	6694.82747202	4255.300708	8299.7459835
ENSG00000008394	1369.07927371	2636.18868392	2308.13092266	2539.2083893
ENSG00000008405	11516.5474832	15289.0560527	440.898632816	14381.3355955
ENSG00000008438	136.533083276	217.676738389	112.052366649	79.0564995348
ENSG00000008441	4138.77304566	151.186440369	145.651531697	374.878749934
ENSG00000008513	3667.39470197	4216.107353	45323.1484765	3125.89399268
ENSG00000008516	269.352093135	237.249755352	52.7419939681	42.5891075463
ENSG00000008517	520.974226378	340.401721897	214.513844808	191.221497307
ENSG00000008710	285098.20477	354855.270323	246598.627196	382501.120438
ENSG00000008735	1052.21254511	433.149092043	662.870039862	783.729066846
ENSG00000008838	55440.4289658	50590.0913083	41557.5424945	49351.3179986
ENSG00000008853	18262.8636712	45088.912094	92541.5929556	16211.7917848
ENSG00000008869	68077.1512013	67586.0996096	75746.1216426	38512.8978124
ENSG00000008952	776376.424625	663611.360566	955118.477269	254317.374965
ENSG00000008988	1078072.70592	697924.922624	450644.375778	752274.522323
ENSG00000009307	2336795.14647	1389841.53192	1181459.83328	911087.309232
ENSG00000009335	199306.51779	157952.799357	111301.40366	79886.0409849
ENSG00000009413	103301.822023	85497.3040822	75025.6447802	88767.4949693
ENSG00000009694	1918.3181	111.422533386	613.144442376	3486.18403941
ENSG00000009709	0.135484024061	0.133538957077	0.130803953487	0.131975421432
ENSG00000009724	1937.16140157	3335.44322792	2119.37580218	3782.7927349
ENSG00000009765	859.894781262	1186.12208023	1369.46274386	1287.9140676
ENSG00000009780	6791.26281039	7670.74172528	8981.37329628	6127.15813723
ENSG00000009790	13845.0262053	2974.80288779	10446.3508942	16813.1549316
ENSG00000009830	11249.849456	16120.533163	17496.0517894	20161.2296816
ENSG00000009844	15012.7146446	10732.8199945	6478.54685192	5720.17948075
ENSG00000009950	302.840685652	360.740850514	567.159556234	602.322262456
ENSG00000009954	257964.651053	226446.775855	150384.491346	75646.1028527
ENSG00000010017	131201.950875	73064.3132345	62582.3560166	70037.3962915
ENSG00000010030	163.450701196	132.553508022	443.793383166	355.874046595
ENSG00000010072	8665.23619025	8437.42916776	6743.86021855	5214.1228971
ENSG00000010165	25486.78575	13914.5354303	9990.38997775	12737.8820153
ENSG00000010219	3501.31118627	2673.92638575	1743.84081161	2398.74513758
ENSG00000010244	351763.947482	267438.536535	261976.13094	370955.152053
ENSG00000010256	124538.238833	62217.2851999	34187.6416052	40780.20524
ENSG00000010270	9240.16140505	8512.11865231	7619.92516931	5764.17298415
ENSG00000010278	80338.376671	129321.55236	494.36348023	84116.426037
ENSG00000010282	2.48913360743	1.72297735405	1.21119356469	1.61123016923
ENSG00000010292	48200.0831082	25259.0068188	26707.8096146	14930.1536038
ENSG00000010295	15512.7551471	13563.1789553	13628.2013702	18477.0171812
ENSG00000010310	15547.6940311	15462.9247594	6892.38155816	3790.21390811
ENSG00000010318	4371.39109449	3960.29379146	7497.91613819	3060.82936447
ENSG00000010319	265.223838969	253.192632798	208.950200045	115.01245993
ENSG00000010322	156525.211691	135794.319329	99206.4202638	87451.7832591
ENSG00000010327	413.271011192	1545.97576471	338.484476134	968.43597259
ENSG00000010361	8308.66149461	5784.20930192	6525.01955585	9135.6343558
ENSG00000010379	399.899961086	493.510397062	58.2146166296	327.927879132
ENSG00000010404	725779.645963	315343.212177	562777.185795	916110.447212
ENSG00000010438	4.47039128988	1.89414553825	1.38302009999	1.44025941416
ENSG00000010539	3958.62001514	4759.19073861	4098.18491045	3152.13713828
ENSG00000010610	2765.96945105	2743.27450358	345.382236587	1991.18800245
ENSG00000010626	999.538291423	1199.97418986	1395.73440626	1171.11841738
ENSG00000010671	77986.1399749	57100.5108027	49077.0728926	29974.4675244
ENSG00000010704	2012.92379188	993.971948022	1220.77024477	3615.86193066
ENSG00000010803	35211.9497241	29431.4092025	27518.7526958	26561.1201899
ENSG00000010810	481.393956182	1032.29739463	526.729355698	1550.96725859
ENSG00000010818	154124.998892	99560.2522741	71721.538916	82285.6422066
ENSG00000010932	7.79263026439	118.943589783	4.74447283414	12.5887051303
ENSG00000011007	86457.5970625	52395.2864485	45640.4922436	23125.2119015
ENSG00000011009	18908.7927638	13809.7939827	10282.2651824	15533.3002536
ENSG00000011021	8650.82600271	6527.21328991	11901.7719528	13148.3694113
ENSG00000011028	137.617735733	137.910530901	97.0583483069	352.00759773
ENSG00000011052	2735.80652101	264.546497755	122.881954504	683.399107575
ENSG00000011083	0.389339264904	0.497919495749	0.365813582472	0.367600587968
ENSG00000011105	15.9879414094	11.072252918	16.0381952452	35.3559236656
ENSG00000011114	56690.6720642	55523.3130501	51181.6914882	33205.5329856
ENSG00000011132	27476.5067717	27384.4712776	21995.5051373	18985.7456472
ENSG00000011143	901.87969832	2435.46242378	267.418621175	571.501274365
ENSG00000011198	21633.9103989	5817.24486322	3021.84414333	5842.88635337
ENSG00000011201	6.81789386505	69.5851265154	7.01330476945	12.2810469389
ENSG00000011243	103369.315964	64212.6154968	40995.8536028	72149.762608
ENSG00000011258	30886.3562281	25000.4115044	28848.1585278	26088.2499665
ENSG00000011260	18369.923973	15522.6175657	12772.4990875	16662.9463656
ENSG00000011275	47039.6056609	95856.881371	6870.11885463	43351.0410409
ENSG00000011295	49511.7129731	47295.4431008	49487.7126103	27137.2706918
ENSG00000011304	630151.214934	386128.854238	263331.397909	285467.930453
ENSG00000011332	619.732476553	1456.17580264	1749.35320745	1292.1660352
ENSG00000011347	3.33549607252	5.19251437818	3.63711597085	1.71834288853
ENSG00000011376	13335.1761491	9045.43422988	14315.7385156	5845.38256668
ENSG00000011405	193382.459529	218306.362598	145597.234262	231487.105635
ENSG00000011422	1437.08947422	1861.30797638	1718.46236991	1661.79201641
ENSG00000011426	2937.0557171	2275.72698019	4585.43159483	1281.34259392
ENSG00000011451	79115.8845886	62216.1523192	31046.8625008	47988.4238104
ENSG00000011454	77387.4935961	62977.2949056	42976.4041803	37504.9476519
ENSG00000011465	288.53548696	318.123310713	525.151174279	2244.14021918
ENSG00000011478	48691.1829491	28057.5167557	38696.6075037	44009.2497429
ENSG00000011485	42379.6907494	51980.5067945	18716.4917464	29143.270927
ENSG00000011523	25627.2342518	39728.8782265	44223.8943424	71897.3662786
ENSG00000011566	38596.4929549	74884.7002103	99897.7828599	96809.1560748
ENSG00000011590	5213.53284751	473.762874669	272.668378879	750.849030508
ENSG00000011600	79.6268393741	72.6313087028	47.9809874132	67.5781535235
ENSG00000011638	1756.72546977	2975.11697428	3595.52155789	2651.98488415
ENSG00000011677	46.82399638	82.4903792917	402.970173765	631.672604681
ENSG00000012048	8647.79139377	5020.90605079	17358.0612735	5743.05685802
ENSG00000012061	37670.9679282	37686.6396289	25949.3366443	35858.5389678
ENSG00000012124	547.047431889	508.017888341	564.939883274	668.505410139
ENSG00000012171	5803.88634706	3408.89243156	1412.1131795	2626.29078185
ENSG00000012174	25929.832883	15403.7667006	9645.88205121	10459.0949195
ENSG00000012211	4122.71804903	4039.51869953	4686.98682294	4559.44595318
ENSG00000012223	374.614939604	304.296718752	341.906732084	72.3180986965
ENSG00000012232	27223.0894445	59357.6334404	22724.1949576	27555.9887513
ENSG00000012504	0.09429390004	0.0940800739004	0.0937749224543	0.0939062784942
ENSG00000012660	67106.3372853	29099.0912334	12967.674938	17518.735856
ENSG00000012779	174383.252338	22098.2544426	29986.302639	24865.724626
ENSG00000012817	2005.03165258	468674.041416	3828.39530168	2599.40417216
ENSG00000012822	226090.040827	101298.746968	189303.139471	294685.232931
ENSG00000012963	24456.8201011	14056.4877005	12955.5777095	7919.50622619
ENSG00000012983	30798.5864536	29685.8944051	29706.0288658	44362.9583468
ENSG00000013016	15649.4271115	1334.57152308	104571.335293	2091.43788533
ENSG00000013275	41880.9935835	50209.2319347	34061.8775502	38583.5669708
ENSG00000013288	76556.0133771	90867.8292095	101983.06807	92469.9993116
ENSG00000013293	1054.14493655	1846.93994216	2433.76606559	2866.84407519
ENSG00000013297	3175.83182864	2714.67384571	3150.5902504	3504.94738831
ENSG00000013306	144147.870407	68945.1523306	46507.1227673	110046.434304
ENSG00000013364	166520.782555	71874.1412148	61823.0404579	128395.267688
ENSG00000013374	16338.1049712	26614.5677499	28342.8582646	24603.1272076
ENSG00000013375	214080.023427	184906.348111	164316.597564	163691.432922
ENSG00000013392	15536.2569389	11942.8185303	12908.147137	10729.7374864
ENSG00000013441	944156.77352	677719.78997	744347.170046	315535.512741
ENSG00000013503	14399.2027961	14576.5941606	8794.70133537	3013.17096334
ENSG00000013523	44999.9011701	41756.7631166	28048.8856501	20947.679436
ENSG00000013561	63794.8900163	71313.1319342	12470.7523384	20443.8284033
ENSG00000013563	42348.5988738	12952.8006224	14639.7345337	33273.9132602
ENSG00000013573	99197.4439199	106373.476481	154895.293822	92462.5433981
ENSG00000013583	1683.44462215	1160.84751761	472.059421526	1336.68039896
ENSG00000013588	3290.77359806	4710.86458118	22623.7304021	6619.48844738
ENSG00000013619	2153.01292009	52.0211817693	911.720992475	12.5639707777
ENSG00000013725	4276.76893415	1999.304384	2118.2074689	3681.18850507
ENSG00000013810	8765.12081378	3620.21757903	11885.677085	4049.01328967
ENSG00000014123	201801.658835	119415.13984	89924.3398236	62336.9461115
ENSG00000014138	6983.43153959	6315.46490691	23543.1548737	4294.95460358
ENSG00000014164	11774.0254194	17945.6916473	14007.4753897	12898.0735047
ENSG00000014216	81374.6147159	70426.8771474	132120.158177	88936.1074306
ENSG00000014257	5405.53411208	301.307835925	160.613457106	215.358217386
ENSG00000014641	85400.9246733	41554.9981274	27281.7385802	56445.4207301
ENSG00000014824	74773.2454215	58273.5611075	42751.7382025	48050.1570815
ENSG00000014914	375.366202953	1022.21699075	537.184980852	339.708452453
ENSG00000014919	44258.6535016	21565.5073035	20364.1475059	23742.7821371
ENSG00000015133	457633.158534	507174.808736	367052.847093	609019.204386
ENSG00000015153	35752.5673912	32277.386792	44752.9598421	48550.0665151
ENSG00000015171	44291.1413838	57504.0339394	44819.5962766	44175.9820668
ENSG00000015285	22155.5312652	4233.68218325	11934.319862	12460.3600937
ENSG00000015413	4480.33221791	7088.59261951	380.489507249	4381.31734316
ENSG00000015475	8151.93298919	5735.02609203	4569.48226113	14080.1541581
ENSG00000015479	789053.142874	720182.744581	607705.711259	996894.281993
ENSG00000015520	64.5299626262	189.06091215	115.151326606	94.3606912364
ENSG00000015532	17758.1970906	20742.0454309	10331.3272307	15898.5778907
ENSG00000015568	77243.5331787	150979.682829	338286.80162	305334.874393
ENSG00000015592	155.737923383	216.833181001	211.646225218	182.371541608
ENSG00000015676	108990.566686	110007.287531	65002.4643258	43905.2235833
ENSG00000016082	0.432926581383	0.533633440549	0.569971098615	0.598688583678
ENSG00000016391	11718.2099643	7419.84207003	1286.67288178	2384.18189679
ENSG00000016402	0.248245930869	0.239604328833	0.230107358185	0.23278881484
ENSG00000016490	0.44877643211	0.433232621126	0.797654236771	0.430112976845
ENSG00000016602	5.16625738073	142.977599245	16.0230585662	7.74002454145
ENSG00000016864	117817.073481	39966.762721	38742.8897814	30909.6945246
ENSG00000017260	233790.243105	75948.2192783	41552.538618	55732.451509
ENSG00000017427	212603.861646	162902.377346	162158.577722	54233.6961875
ENSG00000017483	62133.5208385	35924.862652	28319.9606687	43205.7671568
ENSG00000017797	43805.3226184	34892.1168249	13114.8191755	44929.7530785
ENSG00000018189	44713.0052654	28765.1718021	63453.6832059	43394.0655412
ENSG00000018236	601.511438116	1386.6141626	1291.77085964	800.568865401
ENSG00000018280	1923.49255647	2688.06251573	3208.46692971	3130.34418105
ENSG00000018408	615.767899496	632.570641656	1770.35696786	711.610792838
ENSG00000018510	33527.494128	24101.9524609	24244.58474	10915.5136028
ENSG00000018607	0.148960937151	0.146641337245	0.143384577231	0.144778821657
ENSG00000018610	11616.1803532	8458.58122356	10297.715108	10242.9729954
ENSG00000018625	71.4077297938	136.992933798	124.396303906	83.5341309619
ENSG00000018699	7021.50823486	7489.34675696	7047.09251518	4286.65830034
ENSG00000018869	24.4498237005	372.090726573	351.981461821	105.155937754
ENSG00000019102	9.45803395816	12.1623330677	7.05627221413	5.63754117884
ENSG00000019144	2287.74397446	2873.31206149	3531.72851337	4629.85516576
ENSG00000019169	2.62267506671	0.912702428543	0.866776726986	6.91085964325
ENSG00000019186	2.96122025904	8.92213323277	5.10848657595	4.192662735
ENSG00000019485	2385.97028657	2727.27273319	6327.98693423	2088.18676955
ENSG00000019505	29.3655148359	80.6935939035	42.3464192404	29.8344784484
ENSG00000019549	27.0286684791	21.390453093	27.3517075118	138.58510164
ENSG00000019582	1506406.0843	7138294.88933	2818907.74957	842187.001946
ENSG00000019991	316308.50207	2602.45063193	1462.57152311	2732.24188535
ENSG00000019995	39481.5745991	40612.7239718	33604.5081943	45204.1055626
ENSG00000020129	54858.1686405	28909.6779099	21374.5565792	23320.7869814
ENSG00000020181	766.445836434	3996.53592357	1117.0570344	1870.94487072
ENSG00000020219	5.69018515789	3.51432429302	5.649925835	4.26597550397
ENSG00000020256	16537.620548	19167.5329595	11237.8587153	13098.1453375
ENSG00000020426	6198.77409241	4191.32243188	3750.34716008	4471.66431193
ENSG00000020577	1902.83806393	5390.74614854	1002.98364242	1285.84761992
ENSG00000020633	46108.0678995	30060.1640379	94631.0528319	25139.9787294
ENSG00000020922	44815.0951954	26989.6341219	35463.1699055	25074.1416172
ENSG00000021300	5116.17772687	6404.65338114	7059.66889711	7922.69297989
ENSG00000021355	64887.3722358	23721.2260688	16289.4048362	31654.6927433
ENSG00000021461	245.786393158	1174.61705794	399.506949043	926.692895551
ENSG00000021488	146.309872019	299.372820277	253.195042778	254.014806154
ENSG00000021574	17806.6929057	17302.9720769	11582.7750503	10673.8585132
ENSG00000021645	249.671053659	480.83786522	460.889357645	794.842341228
ENSG00000021762	2060.86742295	1440.60552151	1789.9429557	292.626764178
ENSG00000021776	121217.38165	109524.809098	55822.535766	55812.6556142
ENSG00000021826	1904.47690873	313.339349538	115.062703765	301.76242742
ENSG00000021852	0.418660508835	0.401192409887	0.395667917546	0.397852077694
ENSG00000022267	760.470713255	3742.3688331	811.275972875	1673.13842786
ENSG00000022277	35447.6110772	16943.5576585	24533.0453013	25783.9984866
ENSG00000022355	14.5405563642	23.0744429099	31.6422827022	21.4902047332
ENSG00000022556	2487.12259454	1381.13349479	1714.15866906	20947.6877003
ENSG00000022567	11714.380516	35386.5047537	14460.2754493	10318.559763
ENSG00000022840	277136.501187	149735.123866	181228.891408	152944.313512
ENSG00000022976	15089.0631091	14379.5107254	8995.4790128	12241.709943
ENSG00000023041	16662.8432073	11689.3507622	13040.1769797	11091.289118
ENSG00000023171	116.570134762	313.782382463	119.150166878	202.980539487
ENSG00000023191	93326.9177722	90761.9118967	62211.8764037	91683.1572826
ENSG00000023228	137072.745205	144972.339604	91374.2833709	45660.6419535
ENSG00000023287	192876.244816	151145.156834	110978.407535	200738.107697
ENSG00000023318	363558.233287	79387.6250065	60984.635382	86331.15581
ENSG00000023330	21324.710173	9385.59702319	5873.1340212	4978.0245136
ENSG00000023445	11171.7524432	3624087.76782	241818.768943	11013.313904
ENSG00000023516	140385.80049	80041.0489967	84291.7376076	75540.6823459
ENSG00000023572	2705.32929319	1677.40383878	753.756309147	600.028716558
ENSG00000023608	2883.85568117	3257.94291652	4231.38784366	3502.64781484
ENSG00000023697	6961.45192097	5709.98510388	5589.5112723	7373.35580776
ENSG00000023734	77145.8942925	42116.5058101	46509.1749399	70400.6320592
ENSG00000023839	2302.39321325	4916.36126398	1780.34364674	1583.38310142
ENSG00000023892	105715.060509	114806.600049	76291.8951107	61808.9222153
ENSG00000023902	1146.74388045	39540.0176202	27899.1001276	1773.69978267
ENSG00000023909	2452.43933616	4336.01538291	4459.22158364	2833.16934752
ENSG00000024048	318831.240997	219659.220956	195818.411375	132796.573958
ENSG00000024422	372.251293361	365.171328412	345.713656157	476.767325899
ENSG00000024526	711.738880239	520.212989033	1096.97524295	186.038284044
ENSG00000024862	13250.6301196	9065.15641517	6774.73813934	8329.72395943
ENSG00000025039	255714.032982	130781.536089	40016.4820974	103045.948519
ENSG00000025156	6925.68794824	4922.8669429	3257.70434157	8174.25668404
ENSG00000025293	45184.6697786	55349.8368461	55942.9489143	50437.2215119
ENSG00000025423	75.6477687346	45.3233001864	32.1525951432	31.1346668828
ENSG00000025434	894.978953521	527.996944529	549.082865726	765.289884953
ENSG00000025708	73990.9553164	31276.653787	29805.4139058	41104.2643185
ENSG00000025770	47062.5069264	21809.8790428	32714.7585632	56425.8077691
ENSG00000025772	6506.7182774	3073.74944125	3928.71647492	10475.8599116
ENSG00000025796	740578.142056	487435.649213	315506.560879	333426.746273
ENSG00000025800	193924.069772	138175.168454	94932.8982742	135998.912438
ENSG00000026025	3437851.56376	3867452.20331	2106770.06432	5948979.54844
ENSG00000026036	27104.2780929	40691.8697553	37511.7374327	28701.9754036
ENSG00000026103	429.324634905	607.943651114	586.675460653	646.52711446
ENSG00000026297	109191.113351	145668.102505	86164.5567738	193869.687897
ENSG00000026508	859431.213583	13464.2900775	16585.6570538	1008700.69973
ENSG00000026559	93.2413187646	177.04599009	202.738860588	195.557032705
ENSG00000026652	1233.59632675	2847.45210998	1706.56415518	871.862991087
ENSG00000026751	2922702.46441	3960981.26541	771337.179256	1913314.1641
ENSG00000026950	311437.290651	162268.368058	164815.966712	157114.061889
ENSG00000027001	1310.76114512	1510.03615643	3451.42407161	1481.76431227
ENSG00000027075	895.616006269	1079.72222483	768.8498128	1058.51162782
ENSG00000027644	45.6983331389	1462.03752137	26.4280068381	176.748995144
ENSG00000027697	33035.3715938	39029.0844246	13449.4815281	23692.4793054
ENSG00000027847	42953.058253	56538.7289477	27120.5871096	48632.2598712
ENSG00000027869	319.895536586	610.539965608	58.2047636103	278.975633058
ENSG00000028116	24948.0906235	16279.5958359	22266.0129585	20035.5598286
ENSG00000028137	496.923151388	751.899659781	491.623259992	945.026442134
ENSG00000028203	82613.2641272	53245.463831	37987.8485249	25162.0528876
ENSG00000028277	296967.187008	327458.988298	92594.3753556	153956.828523
ENSG00000028310	61618.6039737	70529.4226537	48803.0095773	36527.9902718
ENSG00000028528	84295.6720336	92944.9068982	56325.9300644	56258.4124181
ENSG00000028839	14966.9785446	6548.25699556	5613.05953714	5357.38665206
ENSG00000029153	1854.95093734	2486.24345931	2444.20827782	3500.28796653
ENSG00000029363	939942.671999	660743.931004	590119.896964	517906.204172
ENSG00000029364	192921.743288	163084.691643	92213.2792015	136248.219557
ENSG00000029534	857.38928309	571.443624319	860.19397711	23.8006562307
ENSG00000029559	0.582214233296	1.40646849589	0.863498409907	0.745389103192
ENSG00000029639	3031.38356394	2346.31265173	1746.44989395	1723.86797311
ENSG00000029725	81619.4831864	59152.1453115	53677.4404822	24100.6132868
ENSG00000029993	6916.6796146	3829.85819916	4358.4749592	24297.9873982
ENSG00000030066	38753.663906	55994.0935498	50041.9145485	38996.581691
ENSG00000030110	73291.2495324	26633.4458617	15484.4942056	46653.3411084
ENSG00000030304	1.30813057965	0.910829771916	2.63533719195	1.37723628465
ENSG00000030419	9437.57035988	1804.63364188	817.514331808	1352.43802826
ENSG00000030582	456000.542009	204233.05212	142992.834607	740396.658877
ENSG00000031003	61829.6064508	79507.897621	53035.2798964	47195.6368042
ENSG00000031081	71730.5598871	37197.7504996	21003.882751	17233.2219364
ENSG00000031691	1811.75954338	699.187744935	1351.42643977	315.070648689
ENSG00000031698	76005.5418507	107013.756203	62469.0481037	33087.9273209
ENSG00000031823	71844.9382131	66131.3943011	39696.6914366	23170.7768515
ENSG00000032219	36271.091914	28697.7056952	48664.6929194	46596.3007752
ENSG00000032389	5254.73645161	4977.31324838	6177.95218031	10022.5215498
ENSG00000032444	87153.0204311	109995.281242	96933.3026104	103802.992078
ENSG00000032742	755.420906077	1881.53392385	1872.07989159	1467.23421776
ENSG00000033011	60488.5055849	31936.3539321	20043.7044298	26196.4818031
ENSG00000033030	27148.0235038	32386.2226557	54206.753336	23933.5016189
ENSG00000033050	73041.4023313	44842.1059295	34415.4101551	34273.6727719
ENSG00000033100	580113.904273	289072.522055	287341.551306	223830.394256
ENSG00000033122	298.092325531	411.992558376	209.312954361	756.893304057
ENSG00000033170	594910.134805	460534.430724	346347.235	291106.212996
ENSG00000033178	71502.4858861	77772.5293917	75689.7234275	80043.1941724
ENSG00000033327	28161.0284531	54450.0632056	87775.2295073	62276.5269957
ENSG00000033627	73688.1540485	109758.963724	169990.620377	104422.011924
ENSG00000033800	205616.608362	229139.264022	219825.930695	84905.4759263
ENSG00000033867	4367.61916096	417.680583468	96.2886862816	4040.84175115
ENSG00000034053	127.105725314	192.409882702	166.083485973	344.815302092
ENSG00000034152	46690.0793978	39635.6980508	123773.4979	182677.208098
ENSG00000034239	90.5144577599	136.641283317	136.830236238	170.767874947
ENSG00000034510	152950.566056	47945.9820361	100063.257323	130999.789131
ENSG00000034533	4707.90282917	3156.63459652	2871.24490248	979.61843942
ENSG00000034677	140268.813271	174075.090622	149747.209041	142606.005146
ENSG00000034693	3147.55857516	4620.87669261	2913.45334626	1614.89518816
ENSG00000034713	23038.1459876	20077.7838567	31348.9926554	37213.7420273
ENSG00000034971	1.03622936293	2.53593504283	0.967292524023	0.981972081363
ENSG00000035115	11090.1723829	12116.1646406	5315.71529148	11143.1228078
ENSG00000035141	44160.8958224	32366.3337988	33410.2799089	37377.1146697
ENSG00000035403	11702.1707735	8051.37035516	6503.52208097	9562.41030741
ENSG00000035499	2059.34836706	1240.00025185	820.858704883	1499.51463532
ENSG00000035664	5904.28655634	2680.89892841	2378.46451176	3255.71143222
ENSG00000035681	1439.9746617	709.162135923	5189.75530754	8877.56274215
ENSG00000035687	42876.0939409	31854.0876055	20593.8628215	26219.7509566
ENSG00000035720	8170.36576249	14383.7619196	21157.6740254	13131.0428702
ENSG00000035862	156133.474646	108376.125325	37183.6807688	10926.3501453
ENSG00000035928	131588.688484	72412.1532223	97367.6742476	87399.3025028
ENSG00000036054	97793.8514528	55427.9829857	53062.5773046	48609.4167886
ENSG00000036257	97769.9378299	76024.5151284	80475.0631286	51992.779637
ENSG00000036448	19.206408387	48.3196910567	9.40826612586	13.3913581505
ENSG00000036473	0.133276921316	0.131965332325	0.13011081107	0.130906633257
ENSG00000036530	9841.17154126	17036.3849726	14102.7561584	12905.1385569
ENSG00000036549	52285.8495017	32779.3552788	33389.2584075	13000.2542344
ENSG00000036565	28.7449158895	37.4041209431	44.2442292452	47.1230743173
ENSG00000036672	8.28418668535	9.19034841703	1812.29485558	693.563586192
ENSG00000036828	0.270898490819	0.260053646681	0.256752400935	0.257550606541
ENSG00000037042	10437.5157075	11258.6611827	8437.60966017	9688.58321159
ENSG00000037241	5043.74224481	3435.0308637	1772.99817695	2916.4645754
ENSG00000037280	179.966656393	395.407418954	215.748503182	262.91358776
ENSG00000037474	114198.041345	77823.2007512	50760.9927829	68865.528733
ENSG00000037637	33797.2143414	40832.711876	31204.8287492	24384.789717
ENSG00000037749	20153.8049984	19173.4967548	10682.8060074	7827.72139817
ENSG00000037757	18282.6405688	13968.8934608	10105.4365859	9237.00277751
ENSG00000037897	6535.35873775	5473.49568211	4241.77367766	2690.83106826
ENSG00000037965	0.314458640451	0.310332898509	0.380033544295	0.393343893327
ENSG00000038002	41840.3554288	14966.5540376	12563.3678789	35074.0453088
ENSG00000038210	81197.4917913	32591.2530574	30027.8747347	40865.2843017
ENSG00000038219	221427.814974	200789.176236	280323.650731	221523.357543
ENSG00000038274	123214.862543	82031.3954984	36307.8975718	47170.7976887
ENSG00000038295	4.62685055894	2.56476781601	6.02976170011	8.4558791009
ENSG00000038358	59829.1826278	68078.0344512	46331.1941391	70847.9091288
ENSG00000038382	21362.0093145	4275.85672392	2903.49432352	90071.8471641
ENSG00000038427	2046.59000581	8688.11066986	4108.93500006	18930.7391249
ENSG00000038532	25879.3070535	28903.8427429	39002.7415105	42254.7148813
ENSG00000038945	918.909322185	1671.72254177	2909.12477135	1668.61777508
ENSG00000039068	1849.84731068	2202.55633255	2638.66760473	2794.46591556
ENSG00000039123	208390.595777	128064.89024	81125.9490704	66019.5010924
ENSG00000039139	26.7382484785	33.8550563362	27.353408004	25.8287664972
ENSG00000039319	46488.5532242	31534.3647839	26186.6079028	25766.5051992
ENSG00000039523	73944.9919308	95989.4834005	214400.623875	83662.43375
ENSG00000039537	1.03709427429	0.946355415295	1.38431868299	2.76694590243
ENSG00000039560	401.973187498	230.251186881	204.218097926	822.084631196
ENSG00000039600	1010.92430395	824.085344388	406.053782477	423.832091692
ENSG00000039650	64667.9198363	79473.3223266	55560.5461764	57181.2307529
ENSG00000039987	506.621422673	701.591722542	641.857494771	353.206917823
ENSG00000040199	26585.834084	47355.2746859	234784.436742	36023.2987586
ENSG00000040275	5228.35336228	4204.20165517	2173.46371339	1367.61134296
ENSG00000040341	26584.061526	33711.7161808	27105.0892205	18405.1509797
ENSG00000040487	6481.0772897	8916.25309472	17517.2349685	13970.8166076
ENSG00000040531	26635.2999495	7687.88745344	9471.36657394	8981.63064583
ENSG00000040608	61.8231068942	10.659315464	16.7289588693	5.4310474804
ENSG00000040633	8108.78758867	5665.06836693	4973.48581107	3961.89555786
ENSG00000040731	28.574130637	29.2840012907	27.5973190988	31.9288079944
ENSG00000040933	560479.612503	512264.306365	567194.831574	495209.450771
ENSG00000041353	44.2683015181	8.2522067935	34.6090705048	5.84847050204
ENSG00000041357	65923.7160456	38496.0147548	20538.8496965	25254.8228843
ENSG00000041515	69.404682265	114.191462533	36.3371000266	164.41084536
ENSG00000041802	35459.6105434	22624.3971102	22995.7309736	19531.5214761
ENSG00000041880	12474.2525535	7548.2619043	5005.83098311	6281.24509771
ENSG00000041982	1201.04470286	1844.74467477	4206.67584768	10186.4158794
ENSG00000041988	4126.27154152	4208.75221676	3647.48874602	6301.50881969
ENSG00000042062	17108.4465958	49251.6265361	29221.7124978	36007.4633574
ENSG00000042088	19829.2882968	16856.5537542	32438.8450088	20915.9387921
ENSG00000042286	4755.06037288	8835.10656828	8664.66044428	12597.8880879
ENSG00000042304	181.128520959	248.515063982	340.413134987	294.700802539
ENSG00000042317	2625.29657783	1971.59001028	774.492174964	2034.35453211
ENSG00000042429	24101.6063199	27378.7938761	48327.7284035	52350.2204686
ENSG00000042445	41270.0357294	33982.9959381	28410.6089369	45299.7935096
ENSG00000042493	6994.04711261	2884.06902013	7243.068749	5279.63564564
ENSG00000042753	7777.94958339	7453.6951575	4544.06267372	13202.3326215
ENSG00000042781	358.151742437	497.859070722	89045.0643334	195000.568362
ENSG00000042813	9.30163799117	9.30533534777	15.2216964108	6.3782966655
ENSG00000042832	3316.15094683	3736.36151719	412.985533076	2656.33848975
ENSG00000042980	3405.28425294	3186.27066164	54160.5895331	7351.81533431
ENSG00000043039	465.339396007	287.978214337	926.494987111	348.062505016
ENSG00000043093	128549.829829	40101.0937857	29999.5209775	60160.1838032
ENSG00000043143	99970.7279107	327056.393832	116181.470993	126222.642765
ENSG00000043355	0.607626354255	0.591467082261	0.571971279289	0.994587157016
ENSG00000043462	941.703047282	768.191264906	354.447338757	1062.28023747
ENSG00000043514	3713.9004872	4135.4531548	3046.93170434	2714.9237482
ENSG00000043591	39.0157974979	13.8127664595	25.5179071897	19.908062609
ENSG00000044012	0.537267277273	0.50015156769	0.378687216201	0.567515650826
ENSG00000044090	98860.7045578	83715.5682383	43430.6796913	81708.9736367
ENSG00000044115	130504.069523	156309.446134	106702.531146	187447.480585
ENSG00000044446	25028.2283451	24048.436696	25708.1304199	26723.0826683
ENSG00000044459	3645.38125411	4160.812584	4671.37693435	2144.88725605
ENSG00000044524	25.1745244594	44.4863844442	47.7381353972	71.8603170498
ENSG00000044574	17139054.0113	4887410.67933	3054397.48898	21234702.518
ENSG00000046604	332.627078111	804.825381393	329.011649797	331.464223411
ENSG00000046647	5772.29609671	5488.15501485	3926.77897722	6865.79343745
ENSG00000046651	37033.3587616	47305.0014464	45318.9746694	55244.2910283
ENSG00000046653	598.020043221	1884.94082875	1240.70626585	1622.38562291
ENSG00000046774	21239.3945399	1741.03104499	438.578754084	2722.07424326
ENSG00000046889	235.210325748	304.40028096	331.853498993	441.206044447
ENSG00000047056	17806.0474061	18651.031342	13902.4973671	14309.1758921
ENSG00000047188	97254.4452324	88746.9770862	43629.7387308	41201.116518
ENSG00000047230	2187.78070637	4924.47367004	4118.21852155	4451.67168837
ENSG00000047249	12882.3574116	9364.28539394	7610.2353347	6796.43549531
ENSG00000047315	181798.719187	101190.959284	76390.789866	89308.7584838
ENSG00000047346	1181032.67323	1008829.57328	232767.153502	387986.034479
ENSG00000047365	7190.08782123	2214.03925361	19698.4010323	11892.7739117
ENSG00000047410	402015.380052	365971.411162	268576.93153	320983.124566
ENSG00000047457	330.975419433	642.19362014	715.357797778	3223.42548515
ENSG00000047578	12805.0398714	12980.0313615	18426.6645387	20654.3099849
ENSG00000047579	10329.1839117	7666.95992307	4645.09031149	4870.10415842
ENSG00000047597	1719.06985405	4482.44323511	25200.5523324	6804.2424232
ENSG00000047617	0.748960675101	0.726799095694	1.530876945	1.2042628178
ENSG00000047621	23663.8148086	10351.6486981	6228.01603885	5681.56987693
ENSG00000047634	58.9494687587	1262.32568067	159.982274082	93.3355464524
ENSG00000047644	78005.9787996	68305.4267861	113328.347789	85617.6271622
ENSG00000047648	1812.95097442	325.305924054	119.119095187	1662.38953474
ENSG00000047662	364.161937983	812.802110872	588.406077302	871.210332766
ENSG00000047849	185153.537428	187526.481632	324831.275699	127186.865825
ENSG00000047932	54034.3579711	34158.8238588	24427.2247673	8615.19640688
ENSG00000047936	0.394949158321	0.388411193633	0.571269821924	0.384993744884
ENSG00000048028	17203.4677717	16744.7858144	29458.8293195	15233.2690727
ENSG00000048052	415268.61399	182607.812962	61608.6114333	146110.52455
ENSG00000048140	11043.7103261	19529.9044978	6855.89963846	13948.4240415
ENSG00000048162	7682.5313365	7499.04398284	2810.66111971	2378.72361588
ENSG00000048342	2545.32176147	6629.197563	2967.66576725	3052.56155098
ENSG00000048392	14812.2222988	14891.6516378	10829.9733102	6274.05047788
ENSG00000048405	98371.0650056	89615.3339965	107832.356355	64934.6893315
ENSG00000048462	162557.513691	213739.822903	96756.0028618	127309.173123
ENSG00000048471	92173.2392001	165715.598192	199088.364367	123049.717113
ENSG00000048540	20.5628920153	75.1649677887	151.383558645	54.2203117657
ENSG00000048544	26409.2329146	20902.3909784	10241.4798966	9520.78351507
ENSG00000048545	8.68241476229	19.9162002578	12.7009309097	22.161191547
ENSG00000048649	87088.3196308	93836.4077327	71479.1432658	59149.3162316
ENSG00000048707	124908.68613	161867.625005	129245.96611	167604.567111
ENSG00000048740	80605.2314736	87185.8009111	94503.4429734	85976.225555
ENSG00000048828	1030219.70401	453127.421493	311245.670917	388359.412735
ENSG00000048991	92406.4251751	51398.4623267	56679.9502751	48199.9102855
ENSG00000049089	4028.35574193	10884.7351587	4617.6817904	548.250693183
ENSG00000049130	11.9779232549	48.4844299907	66.3690494249	282.472163961
ENSG00000049167	8228.73020801	8881.97003245	4088.30359007	2616.35816927
ENSG00000049192	378.74267001	69.9753012603	75.4230851289	168.378557955
ENSG00000049239	119470.715092	67117.6514892	59462.2771161	121368.87309
ENSG00000049245	35724.3361369	25223.5054398	36977.1077817	45497.0012401
ENSG00000049246	100.483401806	1001.91239009	1264.28512233	922.539401325
ENSG00000049247	0.376848711244	0.504621611591	0.365695221956	0.367642940865
ENSG00000049249	2411.51009465	4412.32752206	4978.98829479	6543.86512421
ENSG00000049283	139.212583542	168.976867008	214.093686551	201.226404256
ENSG00000049323	20320.6634582	62672.8358349	67229.4012387	62398.4211144
ENSG00000049449	41307.1307739	44017.6503183	37072.6219179	53042.1259689
ENSG00000049540	682.61772248	749.858828973	1115.86868016	1231.58852651
ENSG00000049541	5184.58361932	3902.43360594	2854.54255049	2134.27990413
ENSG00000049618	460125.333401	427408.260209	705999.865554	492098.882252
ENSG00000049656	3359874.13913	2609734.95053	907009.741703	2057047.60293
ENSG00000049759	52385.8130165	14151.0685697	14318.1340821	165154.735859
ENSG00000049768	105.670492338	177.000166011	241.598319098	36.647454647
ENSG00000049769	1404.95439802	1604.91383403	3722.52687163	1192.46140462
ENSG00000049860	219962.345515	143588.859726	31552.3837919	63111.2726285
ENSG00000049883	16863.0190126	18002.0672042	7934.77542056	5060.19460691
ENSG00000050030	1306.959924	16782.7930403	1405.80321491	6960.80824956
ENSG00000050130	28100.893349	24333.1536821	10589.1070164	17395.8062552
ENSG00000050165	77.9225691595	45.038964085	47.6030432175	46.3352956437
ENSG00000050327	18863.6350966	6213.88325055	10996.9329935	15202.7723821
ENSG00000050344	61703.2289789	175642.856808	155489.55355	87259.3158786
ENSG00000050393	57632.1859618	46262.1024959	35832.2169582	24799.1617525
ENSG00000050405	11024.0564605	782.214827421	402.489588367	557.053337998
ENSG00000050426	24411.8565963	23911.2175332	23128.2516727	21326.8615281
ENSG00000050438	4156.93390697	5919.2522955	13541.8612047	4012.4137621
ENSG00000050555	30.8369716741	46.1989309569	70.8454441221	74.8857529831
ENSG00000050628	86.582224109	50.0201423019	70.477509263	19.0454977381
ENSG00000050730	335.591038252	334.791051291	418.031527904	291.888516292
ENSG00000050748	43595.8949626	65852.110709	25358.9462154	30216.3271725
ENSG00000050767	60.5847970546	200.013984499	84.8221863306	97.7127428601
ENSG00000050820	4865.36196347	5147.02409449	7103.32775688	6904.10103143
ENSG00000051009	35977.8039562	25933.3026895	15012.0140201	31136.7158048
ENSG00000051108	2068242.57449	2597385.15633	3600126.60947	5523784.10696
ENSG00000051128	21889.2643387	73549.0401394	97156.1399489	40197.1084165
ENSG00000051180	1574.14508391	1694.45061262	2572.96380052	955.458037578
ENSG00000051341	5614.25739008	1921.03078692	7497.08268047	3200.76851995
ENSG00000051382	46381.744744	40990.9698614	29507.4064011	25473.4285312
ENSG00000051523	1677686.1964	585563.867734	473875.815414	1278485.10216
ENSG00000051596	13255.0546493	7383.75691908	5144.9028998	3484.44779177
ENSG00000051620	45871.2168856	46529.3136006	18874.6367911	30602.1253527
ENSG00000051825	47402.2198987	61039.2859814	45150.1943857	20586.2988673
ENSG00000052126	9316.6164264	12635.6742244	13805.809909	18429.9781992
ENSG00000052344	318.52751699	292.222916606	467.150810332	315.873026145
ENSG00000052723	50129.92313	40933.7624253	29103.7457573	9404.19873786
ENSG00000052749	384612.687702	334498.670178	394487.748138	257730.121895
ENSG00000052795	23527.993805	13616.0249725	19772.3690165	25495.5698322
ENSG00000052802	18425.9374777	7654.69265792	6810.51452603	7902.68717654
ENSG00000052841	163552.468272	201669.644817	160386.988016	147106.127235
ENSG00000052850	340.295655001	1695.2333355	364.1765923	974.294933044
ENSG00000053108	279.779032761	300.318322596	299.217838728	210.176664159
ENSG00000053254	345006.43187	233969.544788	335135.223551	279647.389162
ENSG00000053328	5.32736740931	3.87090921601	3.81216303235	4.6908588052
ENSG00000053371	7618.45384264	6120.83934797	9231.91417074	10709.7650835
ENSG00000053372	11301.5280099	6385.31214655	6640.46771155	7832.2514811
ENSG00000053438	489.172205239	676.543908285	1272.60644013	676.099430428
ENSG00000053501	15635.5657975	11983.6424473	7708.30655349	8084.12643982
ENSG00000053524	4470.2059265	7142.4379058	7407.66054693	3912.29450384
ENSG00000053702	4671.59655574	6241.45882357	4364.18625635	3628.88958899
ENSG00000053747	8.47511725195	12.9966109185	49.7837534505	14.2104018464
ENSG00000053770	97294.452288	61080.4368709	52439.6546352	35214.350896
ENSG00000053900	12552.412002	11906.2518071	14906.5318505	12235.1173208
ENSG00000053918	686.831276686	5486.78332294	165.664139462	8016.76300938
ENSG00000054116	25760.1061434	17236.2838809	19467.2361551	20695.0173492
ENSG00000054118	251186.989826	147984.567636	120928.860241	129078.569637
ENSG00000054148	89834.8247811	35481.0344959	19857.8873087	41751.6843404
ENSG00000054179	12.6040635892	11.9071168169	7.77338080014	3.51286987506
ENSG00000054219	47710.1936713	39535.4695354	84684.2654204	22919.242588
ENSG00000054267	132814.372381	103276.810497	96770.2766219	77670.8801232
ENSG00000054277	8754.11992128	12096.4088074	8543.99581605	4271.52199098
ENSG00000054282	20422.479025	13963.1649673	13118.4509786	8668.10730012
ENSG00000054356	68.9161961665	77.3429500928	117.08946262	37.8439972472
ENSG00000054392	29.0531434478	23.4227228186	14.8444396442	544.460435994
ENSG00000054523	53881.118717	100366.39953	15240.6857419	50552.5783016
ENSG00000054598	442.612596757	1304.12446676	717.397340202	3249.90458356
ENSG00000054611	22460.7040085	10007.0164075	16157.5545325	26732.8148587
ENSG00000054654	543219.572916	192058.853747	1138194.08513	719740.035278
ENSG00000054690	2903.0812782	1113.47199173	1602.93035514	1743.61685047
ENSG00000054793	716.221156139	232.514519465	150.202007303	322.939015635
ENSG00000054796	0.192102085156	0.188397369226	0.18321969027	0.211029967394
ENSG00000054803	0.0942289461076	0.094056247056	0.0938096575407	0.0939158237592
ENSG00000054938	11.0624509961	49.1202719369	70.108362479	12.9126405238
ENSG00000054965	32704.9644575	21998.5304008	30118.4611651	46628.3892652
ENSG00000054967	54405.8568773	11624.4055676	46708.6370568	109994.790715
ENSG00000054983	15153.9044109	14541.8438077	11862.9177625	16545.6225777
ENSG00000055044	138856.95401	62458.3997169	74970.0469134	44449.2676309
ENSG00000055070	43276.1437593	25396.5976024	38500.4374551	50984.4206104
ENSG00000055118	16633.5890927	18487.1372095	1036.63254754	15210.4627278
ENSG00000055130	120733.691833	102411.694361	96061.9883389	72527.7087199
ENSG00000055147	48091.3988194	55928.6946734	31315.2599658	15126.2422145
ENSG00000055163	83572.060544	35895.5569563	41205.1648166	20733.5871727
ENSG00000055208	180815.636047	97228.4096067	74037.7063185	149066.532835
ENSG00000055211	59185.7506978	30012.0379318	25884.6156241	28764.9125192
ENSG00000055332	176574.678178	86873.9417682	118010.12309	155435.400796
ENSG00000055483	134550.253995	112035.08865	171490.680219	177730.687734
ENSG00000055609	1378764.96374	1364926.59867	1517527.86333	949614.252949
ENSG00000055732	1160.76853615	1583.88631508	2222.62752618	2483.62358988
ENSG00000055813	436.812294418	209.198633633	2.87547320568	283.621225753
ENSG00000055917	294492.964688	245130.389853	241968.51091	231352.038512
ENSG00000055950	10418.9664197	8177.31641826	7008.93570233	10356.817332
ENSG00000055955	9831.52545963	3721.46895371	2430.4225056	2624.1606235
ENSG00000055957	282.841543561	352.621938951	178.464237871	288.81727832
ENSG00000056050	3066.9875078	2534.10970027	929.984926431	1329.86401038
ENSG00000056097	136679.485104	101686.567944	100511.913001	106318.049815
ENSG00000056277	7494.86259577	3672.82582509	4955.63368099	8394.38622191
ENSG00000056291	9.92574556565	5.75094160913	10.5523848341	15.0619658263
ENSG00000056487	25.6469435117	5.06414495296	1.07663479184	5.11396984579
ENSG00000056558	35387.4585211	10947.5840669	26572.7034724	18552.1224589
ENSG00000056586	136556.498818	98008.9665645	64934.2680468	57879.7862155
ENSG00000056736	3177.71555817	1299.96235177	621.657274785	533.121203931
ENSG00000056972	10074.075647	9447.38707633	7872.18253086	10731.0563569
ENSG00000056998	36.5192442846	30.8917154542	29.4189609941	48.3139975532
ENSG00000057019	21055.5645089	33827.8428443	7547.00703701	16305.066687
ENSG00000057149	1.0	1.0	1.0	1.0
ENSG00000057252	57683.4357443	29862.4859655	27013.0842359	65407.4296903
ENSG00000057294	16284.0807317	12380.5732333	459.398098632	618.16624498
ENSG00000057468	195.335564996	180.08622217	68.1278184066	47.9355926952
ENSG00000057593	2.57604837898	1202.648919	4.76780527133	4.27850265045
ENSG00000057608	329584.422589	134418.470055	109223.379008	148099.975281
ENSG00000057657	1799864.68206	1534135.26835	814899.316427	2062193.55294
ENSG00000057663	37165.6881317	30390.5482301	13657.993319	22231.0580911
ENSG00000057704	39049.0063688	23367.520476	44176.3747842	5486.48430061
ENSG00000057757	13068.7140154	11096.8709338	8688.21488482	10495.0824108
ENSG00000057935	13324.9570371	16956.5910802	25848.6888451	13551.9315401
ENSG00000058056	1667.02603109	4057.46913156	8736.83345564	2123.4825202
ENSG00000058063	670846.398843	255250.12661	255383.413523	354243.39054
ENSG00000058085	28.7366596554	152.984677638	184.836785343	180.564950837
ENSG00000058091	470379.252899	122117.84942	131842.125484	122475.623811
ENSG00000058262	4650941.28177	1725899.16162	1475756.56525	1993618.39699
ENSG00000058272	79291.9802663	77989.3592448	92729.2478962	38214.6332074
ENSG00000058335	453.452971235	618.617948431	483.176605668	322.393762158
ENSG00000058404	461.070394053	2177.25824069	265.3964842	316.72760465
ENSG00000058453	20466.8102374	14475.2774983	18910.2238169	25254.0323253
ENSG00000058600	84209.385644	93401.0323263	112809.461572	137344.039474
ENSG00000058668	70494.2371597	36655.2157725	1119.77570377	48160.7800522
ENSG00000058673	904043.078039	534479.658235	344386.642601	718018.824959
ENSG00000058729	21738.1739845	16235.1094688	6389.00786503	5036.28087532
ENSG00000058799	28162.3291638	11212.7843248	6454.40476135	12660.4417157
ENSG00000058804	17134.0463961	9142.81332179	10054.2371886	11398.7420261
ENSG00000058866	982.029902971	275.410492548	146.092248819	224.081771797
ENSG00000059122	23445.8443912	50965.7711046	25190.32102	39919.9619264
ENSG00000059145	70908.5617234	40119.1725455	36735.9409613	64490.3310412
ENSG00000059377	26562.9135665	269577.22807	46118.6285892	20533.6205944
ENSG00000059378	49739.2499143	52100.6103479	88020.7962259	53955.0025789
ENSG00000059573	137464.558981	159383.285227	108983.643521	80594.8838237
ENSG00000059588	30980.203526	44827.2040476	20871.0933224	19524.5708057
ENSG00000059691	5669.21045392	3329.9584882	2824.18915595	3335.60368103
ENSG00000059728	56668.1810463	36095.1014497	33271.5670687	19545.0270244
ENSG00000059758	90830.6671701	90745.3642335	66379.3304742	72011.6150439
ENSG00000059769	25086.2949053	15068.6101354	15470.2526957	11836.7293298
ENSG00000059804	2268.29618815	2259.2774376	1558.65021029	4787.464867
ENSG00000059915	13048.8173929	14790.4217773	22562.2460533	9431.8196004
ENSG00000060069	38787.5433503	37426.2858609	25076.6035867	36660.0193026
ENSG00000060138	6281.65293305	5166.52415505	3586.44820938	7040.09446954
ENSG00000060140	3.65681357665	12.3596668544	6.3246419507	12.2103220318
ENSG00000060237	255723.680031	257343.456971	182284.683197	249260.623855
ENSG00000060303	0.103147487899	0.105975296254	0.101952023799	0.102253908647
ENSG00000060339	66681.5532933	54987.7743656	50508.5397278	42430.2937864
ENSG00000060491	61589.7662411	38126.4359792	28127.648285	51244.6891551
ENSG00000060558	43.009052565	67.0562361379	10.6434211931	17.1430625128
ENSG00000060566	2.22212508498	2.90295264944	2.04117542952	3.91794868103
ENSG00000060642	7738.09726866	3120.74026521	5583.53753305	5621.67689512
ENSG00000060656	73.1114455122	56.1476383071	189.393628638	322.053577144
ENSG00000060688	11910.3172577	9720.96502959	8475.0328639	7126.02555699
ENSG00000060709	0.599768518463	0.997434296213	0.46237682378	0.494255165325
ENSG00000060718	11.2743682554	4.73621863751	354.918819523	33.6892733004
ENSG00000060749	93546.5447803	64913.5093282	128117.030598	57639.2823419
ENSG00000060762	27385.1920501	47630.5673158	11041.5195806	14652.29158
ENSG00000060971	68356.2021149	32954.8051478	47098.8559728	46631.5723561
ENSG00000060982	7581.84951636	2785.59632039	1764.15729916	5256.40902185
ENSG00000061273	345546.448683	160943.337085	143231.927423	214899.964455
ENSG00000061337	146.130253516	263.922142464	191.431791883	240.575259068
ENSG00000061455	211.877721331	371.654825999	42.5009560426	178.299784035
ENSG00000061492	0.473979314192	0.766850083492	1.3686839466	0.580636306842
ENSG00000061656	155236.765148	151863.844467	128535.739815	135912.03486
ENSG00000061676	11903.207365	18129.3923375	17982.2041484	10155.9697325
ENSG00000061794	9309.59622501	5410.44660927	4780.31849549	3776.3743258
ENSG00000061918	72.8552621219	87.0857812767	100.255164191	115.305571702
ENSG00000061936	59828.862405	63327.6038945	62233.1106245	35254.3784138
ENSG00000061938	277209.975987	125118.993648	174402.669684	181800.48638
ENSG00000061987	406414.10038	329179.162936	248857.815311	117181.899968
ENSG00000062038	101.454172675	152.425861538	253.020560488	180.915485511
ENSG00000062096	49.0128612523	58.2052895004	153.321256691	131.690173266
ENSG00000062194	345617.369769	267055.228787	230955.021172	313938.738075
ENSG00000062282	1980.78574403	6738.97341007	2496.58712544	1770.51948715
ENSG00000062370	10.26446879	19.8589174734	7.1482534473	103.482423825
ENSG00000062485	142866.599995	130490.492967	78707.0038269	55270.4353809
ENSG00000062524	18731.035205	74060.2750257	3728.24138244	2075.79433988
ENSG00000062582	104802.127161	77443.3215178	12327.6744095	31561.7175925
ENSG00000062598	19872.5629399	28016.941756	23885.3639021	52967.7868704
ENSG00000062650	120257.808633	83698.0432426	90777.3656541	84063.8435468
ENSG00000062716	116824.951665	61667.7395712	57705.6784125	201076.16277
ENSG00000062725	34785.8075171	28953.817716	23859.1940706	13983.2570647
ENSG00000062822	11518.4021531	14468.7663083	15576.1357141	12778.1119076
ENSG00000063015	2133.5393102	2564.31564292	2865.34805917	1044.18033069
ENSG00000063046	3717561.1563	1185228.64839	1176083.0553	1978848.80802
ENSG00000063127	580.443710595	253.689218996	428.357507556	752.002293894
ENSG00000063169	17080.8834152	20935.3696206	17674.339955	19137.7853076
ENSG00000063176	22426.7212742	14887.0918251	12775.2636151	11573.5604394
ENSG00000063177	2268973.98006	1112856.80305	593097.516673	1112153.82493
ENSG00000063180	2908.28777916	472.639813401	882.204008545	2109.87910271
ENSG00000063241	9050.61743755	7542.70065406	5613.99250375	8647.751555
ENSG00000063244	173895.252485	143725.155536	123442.467161	112871.973318
ENSG00000063245	161056.55897	165476.608501	112539.428828	173906.31309
ENSG00000063322	50450.6690049	42156.2405045	38125.6805822	47008.4495592
ENSG00000063438	5545.07399589	4617.53509109	914.70074764	2169.05898618
ENSG00000063515	0.590519327896	0.582479065171	0.960126476924	0.732395739991
ENSG00000063587	397089.396394	631973.685592	369265.072102	378643.514793
ENSG00000063601	111873.20289	51500.112151	45916.58442	79289.2068696
ENSG00000063660	2524.04006616	3359.8022806	5652.65264947	1662.63552757
ENSG00000063761	2685.5132423	1705.22615234	2591.63196786	3004.84934327
ENSG00000063854	38797.749884	34298.4338442	27747.5611748	39236.7514226
ENSG00000063978	95352.4333409	55774.7041078	63986.900553	76063.6126507
ENSG00000064012	66140.9527774	41443.4392414	54797.8604163	30032.2505079
ENSG00000064042	238.182907274	78.6509325662	85.5423375143	2457.50415266
ENSG00000064102	71396.897846	13254.7064078	7531.56575746	18045.5003647
ENSG00000064115	55097.6364227	40886.0914162	28036.3061656	47376.2734858
ENSG00000064195	0.447320656103	0.439833709845	0.431458032187	0.565215710555
ENSG00000064199	163.472539554	410.457356284	316.645589292	395.304518959
ENSG00000064201	388.099372026	163.055206189	201.601246874	56.8530142547
ENSG00000064205	371.986408435	644.210678844	616.187581903	636.960856565
ENSG00000064218	0.487832429626	0.469567510573	0.463000468872	0.465595500105
ENSG00000064225	202211.915092	69138.5774015	48493.6662883	97625.0692746
ENSG00000064270	26.9207276375	57.1718996234	44.6280102542	63.8000047748
ENSG00000064300	16.1166111664	38.3573099966	66.8868168212	108.055800704
ENSG00000064309	308.95981879	242.55907684	258.841980838	314.913393939
ENSG00000064313	40235.3965417	45237.8268129	29667.5307795	26365.1118199
ENSG00000064393	5428689.42234	3095331.41575	1628736.15059	1734121.19528
ENSG00000064419	75802.7270406	65103.7388701	59518.2959592	33126.1632945
ENSG00000064489	2969.10848184	3279.53796014	3676.41145045	5859.7910366
ENSG00000064490	13071.8371309	12728.5084403	8054.85728407	10693.8567983
ENSG00000064545	15457.0933277	21984.8478513	8159.71016271	18098.5600821
ENSG00000064547	659.640933169	2472.46899793	1952.69941776	2300.98801429
ENSG00000064601	166538.334436	26683.5473818	29203.1678278	64903.0310022
ENSG00000064607	220782.053085	394153.817096	203468.785886	274227.032437
ENSG00000064651	98564.2412923	87127.6848756	52264.8610124	47885.5108125
ENSG00000064652	2680.12930912	3983.73797895	1829.15556458	2172.95133279
ENSG00000064655	259.408168267	11610.9605845	81.5608692097	152.706191573
ENSG00000064666	278336.020259	153858.629584	204479.81896	124195.46794
ENSG00000064687	484673.847102	236561.676732	164085.729355	180299.59368
ENSG00000064692	50.3163100531	97.8859093949	66.8991253064	131.385676303
ENSG00000064703	10609.6351686	6665.00570307	5585.88781774	2214.4782909
ENSG00000064726	79380.1182802	62032.4363438	40569.3443651	58248.265219
ENSG00000064763	20969.3060922	41141.9609248	8788.23593231	20530.2639703
ENSG00000064787	1660.01849668	635.098735165	1712.12716733	926.546353648
ENSG00000064835	7.03292238087	4.21242661222	2.37372332179	5.16828554301
ENSG00000064886	1306.8044259	287.71060425	446.195378329	497.519259116
ENSG00000064932	331725.863407	128125.045506	60448.6416583	199882.722847
ENSG00000064933	37079.3013871	18254.1834961	23135.4884998	8110.15718934
ENSG00000064961	52526.6788815	31825.8231896	25058.6825108	40288.5687604
ENSG00000064989	12866.3466917	5849.52885943	9940.98142614	7771.06435381
ENSG00000064995	15007.8210474	14269.835742	13804.7515773	10613.796997
ENSG00000064999	23730.5869255	34511.3485722	16292.9071455	20180.8743685
ENSG00000065000	519445.451636	465800.049956	325305.460184	402031.650131
ENSG00000065029	48922.4005943	46593.5142701	35849.5784135	37690.9462305
ENSG00000065054	375.865148746	1814.81012616	670.481171065	737.527249581
ENSG00000065057	1987.3957181	2449.18870543	1528.58493806	1467.54213082
ENSG00000065060	157410.134523	159433.690119	84573.5383079	52745.9397403
ENSG00000065135	89026.4140253	96409.005557	58068.2413559	38141.27496
ENSG00000065150	129228.443067	85834.9456464	172658.263428	74969.7314283
ENSG00000065154	26222.2867101	19357.7712833	3921.85299313	22200.4059864
ENSG00000065183	68471.7477272	41989.1618424	17208.1877739	12885.6825745
ENSG00000065243	61559.5500672	61590.9594428	48062.0125767	26923.312436
ENSG00000065268	13112.1211428	9648.78666191	4509.02645861	12671.2827195
ENSG00000065308	1132213.36718	2112735.98536	725341.22958	504778.624258
ENSG00000065320	143.046691164	347.755597656	808.324026592	182.727535082
ENSG00000065325	1.59256004929	1.54781188623	3.24724785506	3.17617089476
ENSG00000065328	1132.84499446	589.042008192	1508.46279401	623.359429684
ENSG00000065357	18708.7735949	29625.6842874	51428.8379683	8043.81779378
ENSG00000065361	838.736788151	1358.92892957	1709.56664934	1660.09191439
ENSG00000065371	47.2989666617	86.0939092952	45.6178210985	80.3847715526
ENSG00000065413	44478.3967935	32371.4088923	59483.6770284	20091.279409
ENSG00000065427	105050.051743	54626.8355936	58464.3369886	83829.3512164
ENSG00000065457	21646.259463	11251.3117081	21229.6534674	16087.3660365
ENSG00000065485	100227.123616	26973.7627937	39552.3394786	32107.6529719
ENSG00000065491	7401.892884	5069.8803465	5202.39201388	2367.64294759
ENSG00000065518	53060.6791694	18696.4130514	13538.640265	28091.2793261
ENSG00000065526	665243.756952	475973.938295	548290.802908	438934.896044
ENSG00000065534	34076.5386294	4817.88631661	3236.42762557	7067.12314311
ENSG00000065548	83919.4251916	42676.9574214	63593.3680389	42387.9653706
ENSG00000065559	20667.1766402	20291.4296031	17307.1614956	9951.07460602
ENSG00000065600	3245.58291621	2715.79447836	5418.86798654	3955.00367369
ENSG00000065609	0.44897733125	0.436803893996	0.423447951181	0.428884313468
ENSG00000065613	46485.9273143	70010.63941	28022.5152351	34866.7044867
ENSG00000065615	62835.4934805	128136.554395	70209.5860168	80326.2982914
ENSG00000065618	522.817249628	1952.32930241	202.795145944	526.927575913
ENSG00000065621	24321.398387	74512.695057	37751.1569731	28577.5970913
ENSG00000065665	2531.33804407	7199.64469153	6266.5546822	8214.48019762
ENSG00000065675	45.9951103736	76.6359150857	10.8917754398	20.6056222301
ENSG00000065717	65.1724320523	40.9436202492	58.6005504654	196.425851188
ENSG00000065802	10205.5524271	15453.678162	4512.90382174	3358.06010215
ENSG00000065809	32606.4640608	27392.8454854	80658.7894117	113639.416294
ENSG00000065833	2111.55977478	132.2402437	216.780441887	3217.06630089
ENSG00000065882	98660.0216675	82176.9231097	275606.941772	126948.003304
ENSG00000065883	170690.784848	161556.83588	157966.448706	97578.6202942
ENSG00000065911	161279.615801	82862.8772853	43954.1263905	103552.3592
ENSG00000065923	6866.4309932	19671.6046912	24498.9773053	6963.18735119
ENSG00000065970	30709.8159061	19666.4390255	17649.0515653	15253.579607
ENSG00000065978	371515.57806	188788.083888	165840.099359	297070.637944
ENSG00000065989	24597.3252406	34030.1102177	32522.6795243	32922.8769958
ENSG00000066027	24490.7287072	28081.5640631	25956.746373	19435.8138719
ENSG00000066032	3010.07021286	2001.18790288	736.681055517	684.523109008
ENSG00000066044	110819.565317	74923.1672875	60881.1790825	59306.915607
ENSG00000066056	257.283986587	226.131214915	299.103144575	248.520292856
ENSG00000066084	38448.1392296	40716.5464509	31254.6232623	34444.6169018
ENSG00000066117	59471.5071643	50927.0261213	48866.7768826	44185.4784743
ENSG00000066135	57652.7994395	50854.398931	21408.1142227	34719.1287256
ENSG00000066136	29518.8725267	21942.7023841	20311.550168	17602.0759379
ENSG00000066185	183.203344387	50.7548365156	76.1992417311	113.130981825
ENSG00000066230	2518.36252126	615.084353642	703.348430825	476.002721087
ENSG00000066248	554.679887265	834.535150202	96.9003173241	108.615844334
ENSG00000066279	14101.5411533	10063.8398395	17231.5389432	6487.21061983
ENSG00000066294	2473.26527604	4280.34806091	1502.72439752	2317.12537122
ENSG00000066322	15549.8156019	8642.29858948	8832.02510728	9295.53877709
ENSG00000066336	8553.82707387	4542.11165461	5725.37654995	5738.95760669
ENSG00000066379	4556.88289336	2572.89127365	2505.15938605	1870.63202977
ENSG00000066382	1227.46822729	784.865962181	1074.94514069	4426.79018783
ENSG00000066405	52.390529675	56.3087173225	170.218128875	100.037134773
ENSG00000066422	90394.3476584	63306.7225178	64397.7454599	42859.7019845
ENSG00000066427	114908.526359	149846.597102	208153.119064	126856.76278
ENSG00000066455	51209.1829542	33690.1728875	33470.6686886	36272.8339634
ENSG00000066468	215.940190064	496.865643159	775.801054029	489.794007112
ENSG00000066557	9402.57958969	8497.2878568	8299.88848267	5060.81267637
ENSG00000066583	27267.5890584	27786.572821	18271.8991101	18295.6169673
ENSG00000066629	811.624091594	1906.02681357	1586.10427136	3779.20987689
ENSG00000066651	11024.8110351	10615.9990877	6897.07050966	7683.65634706
ENSG00000066654	71860.8212447	64339.690037	71337.8684045	53505.598544
ENSG00000066697	5224.7215015	10642.6271674	2470.57492897	7740.28962061
ENSG00000066735	13.549514104	17.0321181661	1.83555715948	6.79552820151
ENSG00000066739	157377.099513	152760.098505	100164.856785	72185.3490642
ENSG00000066777	77284.8605914	148778.711469	113173.850506	111907.262411
ENSG00000066813	1353.34186971	2053.89886079	1755.74531664	2281.32450835
ENSG00000066827	19304.6902857	55978.0176906	18891.9168049	13098.7842204
ENSG00000066855	9725.97019733	15889.4795895	9737.96497771	5560.01616399
ENSG00000066923	42493.9215316	34031.244159	55336.6884071	132540.249537
ENSG00000066926	13099.5093424	19433.6024498	9052.28449442	8178.45487395
ENSG00000066933	50554.2011929	98279.0884792	68511.363397	40490.7659614
ENSG00000067048	1286.32485858	739802.285791	3950.21526789	3285.03690808
ENSG00000067057	81.4379980921	154.445389334	73.8559406022	43.6363421827
ENSG00000067064	30492.2349404	15673.5826024	22365.3695858	30143.5568034
ENSG00000067066	183015.780058	106469.216859	109416.84406	84971.042117
ENSG00000067082	3891147.85237	3760992.35143	11498845.903	1538360.69122
ENSG00000067113	2076.87814076	1295.62833195	1620.56527302	3260.52791602
ENSG00000067141	68503.4461742	84459.0085377	1897.9697991	39564.4206701
